a/eh
a/uh
Abel/able
absence/absents
abstinence/abstinents
accede/axseed
accepter/acceptor
accidence/accidents
acclamation/acclimation
ad/add
adds/ads/adze
ade/aid/aide
adherence/adherents
adieu/ado
adolescence/adolescents
adulteress/adulterous
adventuress/adventurous
aerial/ariel
aerie/aery/airy/eyrie
aes/ayes/eyes
ai/aye/eye/I
ail/ale
ails/ales
air/aire/are/ayre/ere/err/eyre/heir
airless/heirless
aisle/I'll/isle
ait/ate/eight
aitch/h
all/awl
allowed/aloud
all ready/already (2 words/1 word)
all together/altogether (2 words/1 word)
altar/alter
analyst/annalist
androgenous/androgynous
ant/aunt
ante/anti-/auntie/aunty
apatite/appetite
apps/apse
apps/apse
ar/are
arc/ark
armer/armor
as/ass/asse
ascent/assent
assistance/assistants
attendance/attendants
auger/augur
aught/ought
auk/awk
auld/awled
aural/oral
auricle/oracle
autarchy/autarky
away/aweigh
a while (See while)/awhile
axel/axil/axle
b/be/bee
baa/bah
Baal/bail/bale
babble/babel
bach/batch
bached/batched
baching/batching
bad/bade
baht/bot
bailed/baled
bailee/bailey/bailie
bailer/bailor/baler
bair/bare/bear
bait/bate
baited/bated
baiting/bating
baize/bays/beys
bald/balled/bawled
ball/bawl
balm/bomb
baloney/bologna
ban/bann
band/banned
bar/barre
bard/barred
bare/bear
barer/bearer
baring/bearing
bark/barque
baron/barren
baroness/barrenness
basal/basil
base/bass
based/baste
bases/basses
basest/bassist
bask/basque
basks/basques
bat/batt
batsman/batsmen
baud/bawd
bay/bey
bazaar/bizarre
beach/beech
bean/been
beat/beet
beau/bow
beaut/butte
been/bin/bine
beer/bier
bees/bise
beetle/betel
bel/bell/belle
belligerence/belligerents
berg/burg
berries/buries
berry/bury
berth/birth
better/bettor
bi/buy/by/bye
bight/bite/byte
billed/build
bird/burd/burred
birr/bur/burr
bit/bitt
blair/blare
blend/blende
blew/blue
bloc/block
boar/boer/bore
board/bored
boarder/border
bocks/box
bode/bowed
bodies/body's
bogey/bogie/bogy
bold/bowled
bolder/boulder
bole/boll/bowl
bonds/bonze
boos/booze
bootee/booty
born/bourn/bourne
borough/burro/burrow
bough/bow
boullion/bullion
boy/buoy
brae/bray
braes/braise/brays/braze
braid/brayed
brake/break
braking/breaking
brassie/brassy
brassie/brassy
brassie/brassy
brassie/brassy
brassie/brassy
brassie/brassy
brassie/brassy
breach/breech
bread/bred
bree/brie
brewed/brood
brews/bruise
bridal/bridle
broom/brume
brows/browse
bruit/brut/brute
brunet/brunette
buccal/buckle
bundt/bunt
burley/burly
bus/buss
bused/bussed/bust
but/butt
buyer/byre
c/cee/sea/see
cache/cash
cached/cashed
caches/cashes
caching/cashing
cachou/cashew
caddie/caddy/cadi
caird/cared
calculous/calculus
calendar/calender
calix/calyx
calk/caulk
call/caul/col
callous/callus
camara/camera
came/kame
canape/canopy
canine/K9
cannon/canon
cannonry/canonry
can't/cant
canter/cantor
canvas/canvass
canvases/canvasses
capital/capitol
carat/caret/carrot/karat
caries/carries
carol/carrel
carpal/carpel
cask/casque
cast/caste
caster/castor
caudal/caudle
cause/caws
cavalryman/cavalrymen
cay/key/quay
cays/keys/quays
cedar/ceder/seeder
cede/seed
ceding/seeding
c's/cees/seas/sees/seize
ceil/seal/seel
ceiling/sealing
cel/cell/sell
cellar/seller
cense/cents/scents/sense
censer/censor/senser/sensor
censing/sensing
cent/scent/sent
cerate/serrate
cere/sear/seer/sere
cereal/serial
cession/session
cete/seat
chair/chare
chaise/shays
champagne/champaign
chance/chants
chantey/chanty/shanty
chard/charred
chary/cherry
chased/chaste
cheap/cheep
check/cheque
chews/choose
chic/sheik
chili/chilly
chin/chine
chiton/ kitten
choc/chock
choir/quire
choler/collar
choral/coral
chorale/corral
chord/cord/cored
chordate/cordate
chough/chuff
chrism/chrisom
chucker/chukker
chute/shoot
cinque/sink/sync
cinque/sank
cirrous/cirrus/serous
cist/cyst
cist/kissed
cite/sight/site
cited/sighted/sited
cites/sights/sites
citing/sighting/siting
clabbered/clapboard
clack/clacque
clack/claque
clairvoyance/clairvoyants
clamber/clammer/clamor
clause/claws
clew/clue
click/clique
climb/clime
close/clothes
coal/cole/kohl
coaming/combing
coarse/corse/course
coarser/courser
coat/cote
coax/cokes
cocks/cox
coco/cocoa
coddling/codling
coffer/cougher
coif/quaff
coin/quoin
collard/collared
colonel/kernel
color/culler
come/cum
competence/competents
complacent/complaisant
compleat/complete
complement/compliment
complementary/complimentary
complemented/complimented
complementing/complimenting
con/conn/khan
concent/consent
concenter/consenter
conch/conk
condescendence/condescendents
confectionary/confectionery
conker/conquer
consulter/consultor
continence/continents
coo/coup
coolie/coolly/coulee
cop/kop
copped/copt
cops/copse
coquet/coquette
core/corps/kor
correspondence/correspondents
cosey/cosy/cozy
cosign/cosine
cot/khat
council/counsel
councillor/councilor/counsellor/counselor
courier/currier
courtesy/curtesy
cousin/cozen
coward/cowered
coy/koi
craft/kraft
crape/crepe
crappie/crappy
crater/krater
creak/creek
crew/krewe
crewed/crude
crewel/cruel
crews/cruise
croc/crock
cross/crosse
crumby/crummie/crummy
cubit/qubit
cue/q/queue
cued/queued
cueing/queueing
cuer/queuer
cues/queues
curd/kurd
currant/current
curser/cursor
cygnet/signet
cymbal/symbol
d/dee
dam/damn
dammed/damned
days/daze
deal/dele
dean/dene
dear/deer
deem/deme
dense/dents
dental/dentil
dependence/dependents
depravation/deprivation
descendant/descendent
descendence/descendents
desert/dessert
despondence/despondents
deuce/douce
devel/devil/devle
deviser/devisor/divisor
dew/do/due
dhole/dole
die/dye
died/dyed
dies/dyes
dike/dyke
dine/dyne
dire/dyer
disc/disk
discreet/discrete
do/doe/dough
doc/dock
does/dos/doughs/doze
done/dun
door/dor
dour/dower
douse/dowse
drachm/dram
draft/draught
droop/drupe
dual/duel
ducked/duct
dyeing/dying
earn/erne/urn
e's/ease
eaves/eves
eerie/Erie
el/ell
elicit/illicit
em/m
emerge/immerge
emerged/immerged
emergence/immergence
emerges/immerges
emerging/immerging
en/n
encyst/insist
entrance/entrants
envoi/envoy
epic/epoch
equater/equator
equivalence/equivalents
erk/irk
eruption/irruption
eruptive/irruptive
ess/s
ewe/yew/you
ewes/use/yews
ex/x
expedience/expedients
eyed/I'd
eyelet/islet
eyer/ire
facts/Fax
faerie/faery/fairy
faille/file/phial
fain/fane/feign
faint/feint
fainted/feinted
fainting/feinting
faints/feints
fair/fare
fairing/faring
fairs/fares
faker/fakir
fakers/fakirs
farming/pharming
faro/farrow/pharaoh
fat/phat
fate/fete
fated/feted
fates/fetes
father/fother
faun/fawn
faux/foe
fay/fey
fays/faze/phase
fazed/phased
fazes/phases
fazing/phasing
feal/feel
feat/feet
feaze/fees/feeze
felloe/fellow
fennel/phenyl
ferri-/ferry
ferrule/ferule
fessed/fest
few/phew
fiance/fiancee
fie/phi
filet/fillet
filets/fillets
fills/fils
filter/philter
fin/Finn
find/fined
firry/furry
firs/furs/furze
fisher/fissure
fishing/phishing
fizz/phiz
flack/flak
flair/flare
flay/fley
flea/flee
fleas/flees
fleche/flesh
flecks/flex
flew/flu/flue
flier/flyer
fliers/flyers
floc/flock
flocks/phlox
floe/flow
floes/flows
florescence/fluorescence/fluorescents
flour/flower
floured/flowered
flours/flowers
foaled/fold
for/fore/four
forbear/forebear
forego/forgo
foreward/foreword/forward
form/forme
fort/forte
forth/fourth
foul/fowl
fraise/frays/phrase
franc/frank
freak/phreak
freak/phreak
frees/freeze/frieze
friar/frier/fryer
frits/fritz
fro/froe
fuhrer/furor/furore
fungous/fungus
g/gee
gaff/gaffe
gage/gauge
gaht/gat
gait/gate
gaited/gated
gaiter/gator
galley/gally
gallop/galop
gamble/gambol
gamin/gammon
gaol/jail
gased/gassed/gast
gays/gaze
gel/jell
gene/jean
genes/jeans
gest/jest
gibe/jibe
gild/gilled/guild
gilt/guilt
gin/jinn
glair/glare
glairy/glary
gnar/knar
gnatty/natty
gneiss/nice
gnu/knew/new/nu
gnus/news
gofer/gopher
gored/gourd
gorilla/guerilla
gourd/gourde
grade/grayed
gradience/gradients
graft/graphed
grate/great
gray/grey
grayer/greyer
grays/graze
greave/grieve
greaves/grieves
grievance/grievants
grill/grille
grill/grille
grill/grille
grip/grippe
grisly/grizzly
groan/grown
grocer/grosser
gros/grow
guarantee/guaranty
guessed/guest
guide/guyed
guise/guys
gunnel/gunwhale
gyve/jive
hae/hay/hey
ha ha/ha-ha
haik/hike
hail/hale
hair/hare
hall/haul
halve/have
halves/haves
handmade/handmaid
handsome/hansom
hangar/hanger
hart/heart
hays/haze
he'll/heal/heel
heald/healed/heeled
hear/here
heard/herd
hears/here's
he'd/heed
heigh/hi/hie/high
height/hight
herds/hurds
heroin/heroine
hertz/hurts
hew/hue
hews/hues
hic/hick
hide/hied
higher/hire
him/hymn
hippie/hippy
hissed/hist
ho/hoe/whoa
hoar/whore
hoard/horde/whored
hoarse/horse
hock/hough
hoes/hose
hold/holed
hole/whole
holey/holy/wholly
holm/hom/home
hoo/who
hostel/hostile
hour/our
hours/ours
house/how's/hows
humerus/humorous
idle/idol/idyll
ilea/ilia
ileum/ilium
immanent/imminent
impassable/impassible
impotence/impotents
in/inn
Inc./ink
incandescence/incandescents
incidence/incidents
incite/insight
inciteful/insightful
incompetence/incompetents
independence/independents
indict/indite
inductance/inductants
inflection/inflexion
infuser/infusor
innocence/innocents
inns/ins
installation/instillation
instance/instants
insurgence/insurgents
intense/intents
invade/inveighed
it's/its
j/jay
jab/jabb
jam/jamb
jewel/joule
jinks/jinx
junkie/junky
k/kay
kayak/kyack
key/quay
kill/kiln
kite/kyte
knap/nap
knave/nave
knaves/naves
knead/kneed/need
kneaded/needed
kneading/needing
kneads/needs
knee/nee
knickers/nickers
knight/night
knit/nit
knits/nits
knob/nob
knobs/nobs
knock/nock
knot/not
know/no
know-how/no-how
knows/noes/nose
krona/krone
laager/lager/logger
lac/lack
laches/latches
lacks/lax
lade/laid/layed
lain/lane
lakh/loch/lock/lough
lam/lamb
lama/llama
lamas/llamas
lance/launce
laps/lapse
lase/lays/laze/leas/leis/leys
laser/lazar/lazer
lay/lei/ley
lea/lee/li
leach/leech
leaches/leeches
lead/lede/lied
lead/led
leaf/lief
leak/leek
lean/lien
leans/liens
leas/lees
leas/lees
leased/least
leave/lieve
leaven/levin
leaver/lever
ledger/leger
less/loess
lessen/lesson
lesser/lessor
let's/lets
levee/levy
levees/levies
liar/lier/lyre
lice/lyse
lichen/liken
licht/licked
licker/liquor
lickers/liquors
lie/lye
lies/lyes/lyse
lieu/loo
light/lite
lightening/lightning
limb/limn
limbs/limns
links/lynx
literal/littoral
lo/low
load/lode/lowed
loan/lone
loaner/loner
loath/loathe
lo-cal/locale
lochs/locks/lox
loon/lune
loop/loupe
loos/lose
loose/luce
loot/lute
loots/lutes
lux/luxe
mach/mock
made/maid
magnate/magnet
magnificence/magnificents
mail/male
mails/males
main/mane
maize/maze
malevolence/malevolents
mall/maul
mandrel/mandrill
manila/manilla
manner/manor
manners/manors
mantel/mantle
marc/mark/marque
marcs/marks/marques
marquee/marquis
marshal/martial
marten/martin
mask/masque
massed/mast
mat/matt/matte
may be/maybe (2 words/1 word)
me/mi
mead/meed
mean/mesne/mien
meat/meet/mete
meatier/meteor
medal/meddle
medals/meddles
meeter/meter
meeting/meting
metal/mettle
mewl/mule
mews/muse
mhos/mots/mows
micks/mix
might/mite
mil/mill
millenary/millinery
mince/mints
mind/mined
miner/minor
miners/minors
minks/minx
miscible/missable
missal/missile
missals/missiles
missed/mist
misses/missus/Mrs.
moan/mown
moat/mote
mode/mowed
mol/mole
moo/moue
mood/mooed
moose/mousse
mordant/mordent
morn/mourn
morning/mourning
mot/mow
much/mutch
mucous/mucus
murderess/murderous
murr/murre/myrrh
muscat/musket
muscle/mussel
muscles/mussels
mussed/must
mustard/mustered
mutual/mutuel
nae/nay/Ne/nee/neigh
narc/nark
naval/navel
neap/neep
nickel/nickle
nicks/nix
none/nun
nonexistence/nonexistents
non-residence/non-residents
noose/nous
oak/oke
oar/or/ore
oars/ores
obedience/obedients
od/odd
ode/owed
oh/owe
ohs/owes
one/won
oohs/ooze
overate/overrate
overbilled/overbuild
overdo/overdue
overdo/overdue
overseas/oversees
p/pea
pa/pah/pas
paced/paste
packed/pact
packs/pax
paeon/peon
paid/payed
pail/pale
pain/pane
pained/paned
pair/pare/pear/pere
paired/pared
pairing/paring
palate/palette/pallet
pall/pawl
pampas/pompous
pan/panne
pard/parred
parol/parole
passable/passible
passed/past
paten/patten
patience/patients
pause/paws
pe/pea/pee
peace/piece
peak/peek/peke/pique
peaked/peeked/piqued
peaking/peeking
peal/peel
pealed/peeled
pealing/peeling
peals/peels
pean/peen
pearl/purl
peas/pease/pees
pecten/pectin
pedal/peddle
pedalled/peddled
pedals/peddles
peer/pier
pelisse/police
penance/pennants
pencel/pencil/pensile
pend/penned
penitence/penitents
penni/penny
per/purr
permanence/permanents
perse/purse
petrel/petrol
pew/piu
phosphorescence/phosphorescents
phosphorous/phosphorus
pi/pie/pye
pic/pick
pica/pika
picks/pix/pyx
picnic/pyknic
pidgin/pigeon
pistil/pistol
pixie/pyxie
place/plaice
plain/plane
plainer/planar/planer
plains/planes
plait/plate
plaiter/plater
plaiting/plating
planar/planer
plantar/planter
pleas/please
pleural/plural
plum/plumb
plumbs/plums
pocks/pox
pois/poise
pokey/poky
polar/poler/poller
pole/poll
poled/polled
poling/polling
politic/politick
pomace/pumice
poof/pouf/pouffe
popery/potpourri
populace/populous/populus
pore/pour
pored/poured
pores/pours
poring/pouring
pottie/potty
praise/prase/prays/preys
pray/prey
prayed/preyed
prayers/preyers
praying/preying
preadolescence/preadolescents
precedence/precedents
precisian/precision
premier/premiere
presence/presents
pressed/prest
presser/pressor
pride/pried
prier/prior
pries/prise/prize
primer/primmer
prince/prints
principal/principle
profit/prophet
prophecy/prophesy
pros/prose
protean/protein
psalter/salter
psammite/samite
pseud/sued
psi/scye/scythe/sie/sigh
psi/sigh/xi
psychosis/sycosis
puer/pure
pupal/pupil
purest/purist
puttee/putty
puttees/putties
quad/quod
quarts/quartz
quean/queen
quince/quints
rabbet/rabbit
rack/wrack
racked/wracked
racket/rackett/racquet
racking/wracking
racks/rax/wracks
radical/radicle
raid/rayed
rail/rale
rain/reign/rein
rained/reigned/reined
raining/reigning/reining
rains/reigns/reins
raise/rase/rays/raze/res
raised/razed
raiser/razer/razor
raising/rasing/razing
raki/rocky
rancor/ranker
rang/wrang
rap/wrap
rapped/rapt/wrapped
rapper/wrapper
rapping/wrapping
raps/wraps
rathe/wraith
ray/re
read/rede/reed
read/red/redd
reading/reeding
real/reel
reave/reeve/rive
rebilled/rebuild
recede/reseed
receded/reseeded
receding/reseeding
receipt/reseat
receipted/reseated
receipts/reseats
recite/resight
recited/resighted
reciting/resighting
reck/wreck
reek/wreak
reeking/wreaking
reeks/wreaks
relaid/relayed
remark/remarque
remittance/remittants
repeal/repeel
repost/riposte
resewed/resowed
resewn/resown
resews/resows
resinate/resonate
resistance/resistants
resister/resistor
rest/wrest
rests/wrests
retard/retarred
retch/wretch
review/revue
reviews/revues
rex/wrecks
rheumy/roomie/roomy
rho/roe/row
rhumb/rum
rhyme/rime
rigger/rigor
riggers/rigors
right/rite/wright/write
righting/writing
rights/rites/wrights/writes
rind/rynd
ring/wring
ringer/wringer
rings/wrings
riot/ryot
rise/ryes/ryse
road/rode/rowed
roc/rock
roes/rose/rows
role/roll
roles/rolls
rondeau/rondo
roo/roux/rue
rood/rude/rued
roomer/rumor
roos/rues/ruse
root/route
rooted/routed
rooting/routing
roots/routes
rosary/rosery
rote/wrote
rough/ruff
rouse/rows
rout/route
rude/rued
rues/ruse
rung/wrung
rye/wry
sac/sack/sacque
saccharin/saccharine
sachet/sashay
sacks/sacs/sax
said/sed
sail/sale
sailer/sailor
sails/sales
salver/salvor
sandhi/sandy
sain/seine/sane
saner/seiner
sari/sorry
sault/sou/sue
saver/savor
savior/saviour
say/se
scalar/scaler
scend/send
scene/seen
scold/skald
scull/skull
seam/seem
seamed/seemed
seaman/semen/seamen
seams/seems
sects/sex
senate/sennet/sennit
sequence/sequents
seraph/serif
serf/surf
serge/surge
settler/settlor
settlers/settlors
sew/so/sow
sewed/sowed
sewer/sower
sewer/suer
sewn/sone/sown
sexed/sext
shake/sheik(h)
she/sidhe
she/shea/sidhe
shear/sheer
shears/sheers
she's/shes
shivaree/shivery
shoe/shoo
shoed/shooed
shoes/shoos
shone/shown
sibilance/sibilants
sic/sick
sics/six
side/sighed
sigher/sire
sighs /size
sign/sine/syne
signs/sines
silence/silents
sinking/synching
slay/sleigh
slayed/sleighed
slaying/sleighing
sleave/sleeve
sleight/slight
slew/slough/slue
sloe/slow
slough/sluff
snees/sneeze
soak/soke
soar/sore
soared/sword
soccer/socker
sodder/solder
sol/sole/soul
sold/soled
some/sum
son/sun/sunn
sonny/sunny
sons/suns
soot/suit
sou/sue
sous/sues
spade/spayed
spae/spay
spear/speer
spec/speck
specks/specs
speel/spiel
spier/spire
spits/spitz
spoor/spore
squaller/squalor
stade/staid/stayed
staff/staph
stair/stare
stake/steak
stakes/steaks
stanch/staunch
starlet/starlit
stater/stator
statice/status
stationary/stationery
steal/steel/stele
stealing/steeling
steals/steels/steles
steer/stere
step/steppe
steppes/steps
stile/style
stolen/stollen
stoop/stoup/stupe
stoops/stoup/stupes
storey/story
straight/strait
straighten/straiten
strider/stridor
sty/stye
subtler/sutler
succor/sucker
succulence/succulents
suede/swayed
suite/sweet
suites/sweets
summary/summery
swat/swot
sweater/sweater
t/tea/tee/ti
tach/tack
tacked/tact
tacks/tax
tael/tail/tale
tahr/tar
tailer/tailor
tails/tales
talkie/talky
tambour/timbre
taper/tapir
tare/tear
taro/tarot
tartar/tarter
taught/taut
taupe/tope
teal/teil
team/teem
teamed/teemed
teaming/teeming
teams/teems
tear/tier
teared/tiered
teas/tease/tees/tis
teat/teet
tec/tech
tel/tell
tenner/tenor
tense/tents
tenser/tensor
tenuis/tenuous
terce/terse
tern/terne/turn
ternary/turnery
the/thee
their/there/they're
theirs/there's
therefor/therefore
threw/through/thru
throe/throw
throes/throws
throne/thrown
thyme/time
tic/tick
ticks/tics/tix
tide/tied
tie/tye
tighten/titan
tighter/titer
til/till
timber/timbre
tire/tyer/tyre
to/too/two
toad/toed/towed
toady/tody
tocsin/toxin
toe/tow
toes/tows
told/tolled
tole/toll
ton/tonne/tun
tongue/tung
tool/tule/tulle
toon/tune
tooter/tutor
tooters/tutors
tor/tore/torr
tora/torah
torc/torque
torcher/torture
tort/torte
tough/tuff
toughed/tuft
tracked/tract
trade/trayed
traitoress/traitorous
tray/trey
trays/treys
tri/try
troche/trochee
troop/troupe
trooper/trouper
trussed/trust
trustee/trusty
tucks/tux
turban/turbine
it will   [ 'twill  ]/twill
typhous/typhus
ugli/ugly
undo/undue
unreal/unreel
vail/vale/veil
vain/vane/vein
valance/valence
variance/variants
versed/verst
vial/vile/viol
vice/vise
vices/vises
villous/villus
viscous/viscus
wack(s)/wax/whack(s)
wade/weighed
wail/wale/whale
wailed/whaled
wailer/waler/whaler
wails/whales
wain/wane
waist/waste
waisted/wasted
waists/wastes
wait/weight
waited/weighted
waiting/weighting
waits/weights
waive/wave
waived/waved
waiver/waver
waives/waves
waiving/waving
war/wore
ward/warred
ware/wear/weir/where
wares/wears/where's
warn/worn
warrantee/warrranty
wart/wort
watt/what/wot
wax/whacks
way/weigh/whey
ways/weighs
we/wee/whee
weak/week
weakly/weekly
we'll/weal/wheal/wheel
weald/wheeled/wield
wean/ween
weaner/weiner
weather/wether/whether
we've/weave
we'd/weed
we're/weir
weld/welled
wen/when
were/whir
wet/whet
which/wich/witch
whicker/wicker
while/wile
whiled/wild
whin/win/wynn
whine/wine
whined/wind/wined/wynd
whines/wines
whining/wining
whinings/winings
whinny/Winnie
whiny/winy
whirl/whorl
whirled/world
whirled/world
whirled/world
whirled/world
whirled/world
whirred/word
whish/wish
whit/wit
whither/wither
whoa/woe
whoo/woo
whop/wop
who's/whose
why/wye/y
why'd/wide
whys/wise/wyes
wins/winze
won't/wont
wood/would
worst/wurst
-xero/zero
xero-/zero
yack/yak
y'all/yawl
yoke/yolk
yokes/yolks
yore/you're/your
yores/yours
you'll/yule
z/zee
